Basin,Stem,Station,Date---,Species,Average,Minimum,Maximum,Body,Town,,Latitude,Longitude,,,,,,
3,1,1,960514,blgl,136.6,95,193,Roger Williams Park Ponds,Providence,,41.780167,-71.411472,,,,,,
3,1,1,960514,blkcrp,218.5,200,237,Roger Williams Park Ponds,Providence,,41.780167,-71.411472,,,,,,
3,1,1,960514,carp,602.3,354,740,Roger Williams Park Ponds,Providence,,41.780167,-71.411472,,,,,,
3,1,1,960514,gldshnr,156.4,0,224,Roger Williams Park Ponds,Providence,,41.780167,-71.411472,,,,,,
3,1,1,960514,lmb,253.7,100,413,Roger Williams Park Ponds,Providence,,41.780167,-71.411472,,,,,,
3,1,1,960514,pmpknsd,124.3,115,141,Roger Williams Park Ponds,Providence,,41.780167,-71.411472,,,,,,
3,1,1,960514,wperch,201.4,91,226,Roger Williams Park Ponds,Providence,,41.780167,-71.411472,,,,,,
3,1,1,960514,yperch,190.9,106,232,Roger Williams Park Ponds,Providence,,41.780167,-71.411472,,,,,,
3,1,1,1030702,blgl,-,-,-,Roger Williams Park Ponds,Providence,,41.780167,-71.411472,,,,,,
3,1,1,1030702,lmb,40.0,40,40,Roger Williams Park Ponds,Providence,,41.780167,-71.411472,,,,,,
3,1,1,1030702,pmpknsd,-,-,-,Roger Williams Park Ponds,Providence,,41.780167,-71.411472,,,,,,
3,1,1,1030702,ylbull,94.0,94,94,Roger Williams Park Ponds,Providence,,41.780167,-71.411472,,,,,,
3,1,2,960502,blgl,141.7,119,181,Pawtuxet R./Elmwood Ave,Cranston/Warwick,,41.762361,-71.417139,,,,,,
3,1,2,960502,brbull,201.9,155,325,Pawtuxet R./Elmwood Ave,Cranston/Warwick,,41.762361,-71.417139,,,,,,
3,1,2,960502,carp,564.0,535,581,Pawtuxet R./Elmwood Ave,Cranston/Warwick,,41.762361,-71.417139,,,,,,
3,1,2,960502,lmb,262.0,262,262,Pawtuxet R./Elmwood Ave,Cranston/Warwick,,41.762361,-71.417139,,,,,,
3,1,2,960502,wperch,216.0,206,226,Pawtuxet R./Elmwood Ave,Cranston/Warwick,,41.762361,-71.417139,,,,,,
3,1,2,960502,wtsuck,233.1,83,486,Pawtuxet R./Elmwood Ave,Cranston/Warwick,,41.762361,-71.417139,,,,,,
3,1,2,1010808,brbull,170.0,170,170,Pawtuxet River/Elmwood Ave.,Cranston/Warwick line,,41.762361,-71.417139,,,,,,
3,1,2,1010808,eel,285.0,285,285,Pawtuxet River/Elmwood Ave.,Cranston/Warwick line,,41.762361,-71.417139,,,,,,
3,1,2,1010808,lmb,108.0,108,108,Pawtuxet River/Elmwood Ave.,Cranston/Warwick line,,41.762361,-71.417139,,,,,,
3,1,2,1010808,wtsuck,94.7,43,179,Pawtuxet River/Elmwood Ave.,Cranston/Warwick line,,41.762361,-71.417139,,,,,,
3,1,2,1110810,blgl,96.5,95,98,Pawtuxet River/Elmwood+Broad St.,Cranston/Warwick,,,,,,,,,
3,1,2,1110810,brbull,213.6,138,276,Pawtuxet River/Elmwood+Broad St.,Cranston/Warwick,,,,,,,,,
3,1,2,1110810,carp,543.7,395,630,Pawtuxet River/Elmwood+Broad St.,Cranston/Warwick,,,,,,,,,
3,1,2,1110810,eel,338.3,240,600,Pawtuxet River/Elmwood+Broad St.,Cranston/Warwick,,,,,,,,,
3,1,2,1110810,gldshnr,128.1,110,165,Pawtuxet River/Elmwood+Broad St.,Cranston/Warwick,,,,,,,,,
3,1,2,1110810,lmb,70.0,70,70,Pawtuxet River/Elmwood+Broad St.,Cranston/Warwick,,,,,,,,,
3,1,2,1110810,pmpknsd,91.8,63,109,Pawtuxet River/Elmwood+Broad St.,Cranston/Warwick,,,,,,,,,
3,1,2,1110810,wtsuck,260.9,55,485,Pawtuxet River/Elmwood+Broad St.,Cranston/Warwick,,,,,,,,,
3,1,2,1110810,ylbull,234.3,212,276,Pawtuxet River/Elmwood+Broad St.,Cranston/Warwick,,,,,,,,,
3,1,2,1120327,wtcat,313.0,313,313,Pawtuxet River/Elmwood+Broad St.,Cranston/Warwick,,,,,,,,,
3,1,2,1120327,wtsuck,0.0,0,0,Pawtuxet River/Elmwood+Broad St.,Cranston/Warwick,,,,,,,,,
3,1,2,1120806,alewife,35.0,35,35,Pawtuxet River/Broad Street,"Warwick,Cranston",,,,,,,,,
3,1,2,1120806,ashad,44.0,44,44,Pawtuxet River/Broad Street,"Warwick,Cranston",,,,,,,,,
3,1,2,1120806,blgl,162.0,162,162,Pawtuxet River/Broad Street,"Warwick,Cranston",,,,,,,,,
3,1,2,1120806,carp,620.0,620,620,Pawtuxet River/Broad Street,"Warwick,Cranston",,,,,,,,,
3,1,2,1120806,eel,220.0,220,220,Pawtuxet River/Broad Street,"Warwick,Cranston",,,,,,,,,
3,1,2,1120806,lmb,206.3,117,320,Pawtuxet River/Broad Street,"Warwick,Cranston",,,,,,,,,
3,1,2,1120806,pmpknsd,117.6,108,131,Pawtuxet River/Broad Street,"Warwick,Cranston",,,,,,,,,
3,1,2,1120806,smb,260.0,260,260,Pawtuxet River/Broad Street,"Warwick,Cranston",,,,,,,,,
3,1,2,1120806,wtcat,180.3,100,272,Pawtuxet River/Broad Street,"Warwick,Cranston",,,,,,,,,
3,1,2,1120806,wtsuck,291.5,53,509,Pawtuxet River/Broad Street,"Warwick,Cranston",,,,,,,,,
3,1,2,1120806,ybull,200.3,175,255,Pawtuxet River/Broad Street,"Warwick,Cranston",,,,,,,,,
3,1,3,960523,blgl,158.1,99,224,Oak Swamp,Johnston,,41.827778,-71.541806,,,,,,
3,1,3,960523,brbull,327.0,266,370,Oak Swamp,Johnston,,41.827778,-71.541806,,,,,,
3,1,3,960523,chnpick,229.2,106,311,Oak Swamp,Johnston,,41.827778,-71.541806,,,,,,
3,1,3,960523,lmb,328.5,180,475,Oak Swamp,Johnston,,41.827778,-71.541806,,,,,,
3,1,3,960523,pmpknsd,175.2,63,230,Oak Swamp,Johnston,,41.827778,-71.541806,,,,,,
3,1,3,960523,smb,340.0,340,340,Oak Swamp,Johnston,,41.827778,-71.541806,,,,,,
3,1,3,960523,wperch,245.0,204,286,Oak Swamp,Johnston,,41.827778,-71.541806,,,,,,
3,1,3,960523,yperch,144.5,112,341,Oak Swamp,Johnston,,41.827778,-71.541806,,,,,,
3,1,4,960606,blgl,153.3,50,186,Upper Simmons Res.,Johnston,,41.798556,-71.520417,,,,,,
3,1,4,960606,brbull,355.5,345,366,Upper Simmons Res.,Johnston,,41.798556,-71.520417,,,,,,
3,1,4,960606,carp,760.0,760,760,Upper Simmons Res.,Johnston,,41.798556,-71.520417,,,,,,
3,1,4,960606,gldshnr,194.1,170,215,Upper Simmons Res.,Johnston,,41.798556,-71.520417,,,,,,
3,1,4,960606,lmb,285.5,196,420,Upper Simmons Res.,Johnston,,41.798556,-71.520417,,,,,,
3,1,4,960606,pmpknsd,177.7,166,185,Upper Simmons Res.,Johnston,,41.798556,-71.520417,,,,,,
3,1,4,960606,wtsuck,515.0,515,515,Upper Simmons Res.,Johnston,,41.798556,-71.520417,,,,,,
3,1,4,960606,yperch,189.2,140,240,Upper Simmons Res.,Johnston,,41.798556,-71.520417,,,,,,
3,1,5,960618,blgl,111.6,50,140,Meshanticut Pond,Cranston,,41.769056,-71.475389,,,,,,
3,1,5,960618,brbull,310.0,310,310,Meshanticut Pond,Cranston,,41.769056,-71.475389,,,,,,
3,1,5,960618,carp,680.0,680,680,Meshanticut Pond,Cranston,,41.769056,-71.475389,,,,,,
3,1,5,960618,chnpick,319.4,221,501,Meshanticut Pond,Cranston,,41.769056,-71.475389,,,,,,
3,1,5,960618,eel,536.7,500,600,Meshanticut Pond,Cranston,,41.769056,-71.475389,,,,,,
3,1,5,960618,gldshnr,255.0,255,255,Meshanticut Pond,Cranston,,41.769056,-71.475389,,,,,,
3,1,5,960618,lmb,307.9,172,450,Meshanticut Pond,Cranston,,41.769056,-71.475389,,,,,,
3,1,5,960618,pmpknsd,91.8,57,126,Meshanticut Pond,Cranston,,41.769056,-71.475389,,,,,,
3,1,5,960618,ylbull,180.5,151,213,Meshanticut Pond,Cranston,,41.769056,-71.475389,,,,,,
3,1,6,960625,blgl,116.4,66,171,Mashapaug Pond,Providence,,41.793556,-71.432167,,,,,,
3,1,6,960625,blkcrp,23.0,23,23,Mashapaug Pond,Providence,,41.793556,-71.432167,,,,,,
3,1,6,960625,carp,573.5,490,715,Mashapaug Pond,Providence,,41.793556,-71.432167,,,,,,
3,1,6,960625,gldshnr,202.0,202,202,Mashapaug Pond,Providence,,41.793556,-71.432167,,,,,,
3,1,6,960625,lmb,180.2,106,365,Mashapaug Pond,Providence,,41.793556,-71.432167,,,,,,
3,1,6,960625,pmpknsd,95.0,66,124,Mashapaug Pond,Providence,,41.793556,-71.432167,,,,,,
3,1,6,960625,wperch,180.3,163,192,Mashapaug Pond,Providence,,41.793556,-71.432167,,,,,,
3,1,6,960625,ylbull,212.4,175,254,Mashapaug Pond,Providence,,41.793556,-71.432167,,,,,,
3,1,7,960709,blgl,65.0,65,65,Pocasset R/Reservoir Ave,Cranston,,41.77031129,-71.45301043,,,,,,
3,1,7,960709,eel,239.4,152,305,Pocasset R/Reservoir Ave,Cranston,,41.77031129,-71.45301043,,,,,,
3,1,7,960709,lngndc,69.2,29,105,Pocasset R/Reservoir Ave,Cranston,,41.77031129,-71.45301043,,,,,,
3,1,7,960709,rdfnpick,56.7,50,63,Pocasset R/Reservoir Ave,Cranston,,41.77031129,-71.45301043,,,,,,
3,1,7,960709,wtsuck,53.5,23,200,Pocasset R/Reservoir Ave,Cranston,,41.77031129,-71.45301043,,,,,,
3,1,8,960710,blgl,130.0,130,130,Pocasset R/Belfield Dr,Johnston,,41.83700695,-71.52969306,,,,,,
3,1,8,960710,gldshnr,83.7,79,91,Pocasset R/Belfield Dr,Johnston,,41.83700695,-71.52969306,,,,,,
3,1,8,960710,rdfnpick,70.6,58,90,Pocasset R/Belfield Dr,Johnston,,41.83700695,-71.52969306,,,,,,
3,1,9,960711,blgl,130.5,125,136,Dry Brk/Old Pocasset Rd,Johnston,,41.8141846,-71.51539116,,,,,,
3,1,9,960711,chnpick,121.0,62,238,Dry Brk/Old Pocasset Rd,Johnston,,41.8141846,-71.51539116,,,,,,
3,1,9,960711,lmb,45.0,45,45,Dry Brk/Old Pocasset Rd,Johnston,,41.8141846,-71.51539116,,,,,,
3,1,10,960711,blgl,111.0,111,111,Simmons Brk/Atwood Ave,Johnston,,41.7961044,-71.4838293,,,,,,
3,1,10,960711,eel,338.8,136,457,Simmons Brk/Atwood Ave,Johnston,,41.7961044,-71.4838293,,,,,,
3,1,10,960711,lmb,40.0,40,40,Simmons Brk/Atwood Ave,Johnston,,41.7961044,-71.4838293,,,,,,
3,1,10,960711,lngndc,63.8,20,105,Simmons Brk/Atwood Ave,Johnston,,41.7961044,-71.4838293,,,,,,
3,1,10,960711,rdfnpick,76.0,76,76,Simmons Brk/Atwood Ave,Johnston,,41.7961044,-71.4838293,,,,,,
3,1,10,960711,wtsuck,32.0,32,32,Simmons Brk/Atwood Ave,Johnston,,41.7961044,-71.4838293,,,,,,
3,1,11,960712,brktrt,78.2,61,87,Furnace Hill Brk/Hope Rd,Cranston,,41.75484385,-71.50967698,,,,,,
3,1,11,960712,lmb,34.6,31,38,Furnace Hill Brk/Hope Rd,Cranston,,41.75484385,-71.50967698,,,,,,
3,1,11,960712,lngndc,73.7,62,83,Furnace Hill Brk/Hope Rd,Cranston,,41.75484385,-71.50967698,,,,,,
3,1,11,960712,pmpknsd,59.0,59,59,Furnace Hill Brk/Hope Rd,Cranston,,41.75484385,-71.50967698,,,,,,
3,1,11,960712,wtsuck,45.9,30,106,Furnace Hill Brk/Hope Rd,Cranston,,41.75484385,-71.50967698,,,,,,
3,1,12,970630,no fish,-,-,-,Pocasset R/I295,Johnston,,41.83210406,-71.52107529,,,,,,
3,1,13,1110921,blgl,110.9,35,185,Blackmore Pond Stream/Aqueduct Rd.,Cranston,,414615.8,712652.7,,,,,,
3,1,13,1110921,carp,118.0,118,118,Blackmore Pond Stream/Aqueduct Rd.,Cranston,,414615.8,712652.7,,,,,,
3,1,13,1110921,eel,204.5,160,280,Blackmore Pond Stream/Aqueduct Rd.,Cranston,,414615.8,712652.7,,,,,,
3,1,13,1110921,lmb,130.3,110,151,Blackmore Pond Stream/Aqueduct Rd.,Cranston,,414615.8,712652.7,,,,,,
3,1,13,1110921,pmpknsd,127.0,125,129,Blackmore Pond Stream/Aqueduct Rd.,Cranston,,414615.8,712652.7,,,,,,
3,1,13,1110921,wtsuck,139.2,103,190,Blackmore Pond Stream/Aqueduct Rd.,Cranston,,414615.8,712652.7,,,,,,
3,1,14,1120711,blgl,120.4,57,150,Bellefont Brook/Park Ave.,Providence,,414622.1,712449.5,,,,,,
3,1,14,1120711,blkcrp,156.5,135,178,Bellefont Brook/Park Ave.,Providence,,414622.1,712449.5,,,,,,
3,1,14,1120711,eel,294.0,135,600,Bellefont Brook/Park Ave.,Providence,,414622.1,712449.5,,,,,,
3,1,14,1120711,gldshnr,36.0,36,36,Bellefont Brook/Park Ave.,Providence,,414622.1,712449.5,,,,,,
3,1,14,1120711,lmb,115.4,45,185,Bellefont Brook/Park Ave.,Providence,,414622.1,712449.5,,,,,,
3,1,14,1120711,pmpknsd,101.3,75,151,Bellefont Brook/Park Ave.,Providence,,414622.1,712449.5,,,,,,
3,1,14,1120711,rdfnpick,123.0,123,123,Bellefont Brook/Park Ave.,Providence,,414622.1,712449.5,,,,,,
3,1,14,1120711,ybull,178.0,171,183,Bellefont Brook/Park Ave.,Providence,,414622.1,712449.5,,,,,,
3,2,1,960508,blgl,110.0,83,137,North BranchPawtuxetR./East RD,Scituate,,41.733694,-71.565944,,,,,,
3,2,1,960508,bndsnfsh,58.0,58,58,North BranchPawtuxetR./East RD,Scituate,,41.733694,-71.565944,,,,,,
3,2,1,960508,brbull,161.7,85,246,North BranchPawtuxetR./East RD,Scituate,,41.733694,-71.565944,,,,,,
3,2,1,960508,brntrt,351.9,285,389,North BranchPawtuxetR./East RD,Scituate,,41.733694,-71.565944,,,,,,
3,2,1,960508,chnpick,136.9,53,326,North BranchPawtuxetR./East RD,Scituate,,41.733694,-71.565944,,,,,,
3,2,1,960508,eel,458.5,200,717,North BranchPawtuxetR./East RD,Scituate,,41.733694,-71.565944,,,,,,
3,2,1,960508,gldshnr,112.0,90,145,North BranchPawtuxetR./East RD,Scituate,,41.733694,-71.565944,,,,,,
3,2,1,960508,lmb,63.0,59,66,North BranchPawtuxetR./East RD,Scituate,,41.733694,-71.565944,,,,,,
3,2,1,960508,pmpknsd,129.0,129,129,North BranchPawtuxetR./East RD,Scituate,,41.733694,-71.565944,,,,,,
3,2,1,960508,rnbwtrt,328.2,294,390,North BranchPawtuxetR./East RD,Scituate,,41.733694,-71.565944,,,,,,
3,2,1,960508,wtsuck,268.0,91,551,North BranchPawtuxetR./East RD,Scituate,,41.733694,-71.565944,,,,,,
3,2,1,960508,yperch,170.0,87,233,North BranchPawtuxetR./East RD,Scituate,,41.733694,-71.565944,,,,,,
3,2,2,960606,bndsnfsh,63.3,52,72,North BranchPawtuxetR./East RD,Scituate,,41.73003,-71.56336,,,,,,
3,2,2,960606,brktrt,120.0,85,155,North BranchPawtuxetR./East RD,Scituate,,41.73003,-71.56336,,,,,,
3,2,2,960606,chnpick,72.0,40,124,North BranchPawtuxetR./East RD,Scituate,,41.73003,-71.56336,,,,,,
3,2,2,960606,swmpdtr,40.8,30,49,North BranchPawtuxetR./East RD,Scituate,,41.73003,-71.56336,,,,,,
3,2,2,960606,wtsuck,128.3,100,159,North BranchPawtuxetR./East RD,Scituate,,41.73003,-71.56336,,,,,,
3,2,3,960611,brbull,222.9,130,321,Shippee Saw Mill Pond,Foster,,41.834194,-71.751611,,,,,,
3,2,3,960611,brktrt,280.0,260,300,Shippee Saw Mill Pond,Foster,,41.834194,-71.751611,,,,,,
3,2,3,960611,chnpick,213.8,107,405,Shippee Saw Mill Pond,Foster,,41.834194,-71.751611,,,,,,
3,2,3,960611,gldshnr,144.3,108,176,Shippee Saw Mill Pond,Foster,,41.834194,-71.751611,,,,,,
3,2,3,960611,lmb,195.7,116,245,Shippee Saw Mill Pond,Foster,,41.834194,-71.751611,,,,,,
3,2,3,960611,pmpknsd,88.2,44,149,Shippee Saw Mill Pond,Foster,,41.834194,-71.751611,,,,,,
3,2,3,960611,rnbwtrt,300.7,252,334,Shippee Saw Mill Pond,Foster,,41.834194,-71.751611,,,,,,
3,2,3,960611,yperch,182.4,95,290,Shippee Saw Mill Pond,Foster,,41.834194,-71.751611,,,,,,
3,2,4,960712,brktrt,66.4,41,130,Cranberry Brk/Jackson Flat Rd,Scituate,,41.73595003,-71.55752052,,,,,,
3,2,5,960716,brktrt,108.4,62,205,Clark Brk/Hope Rd,Cranston,,41.74036495,-71.54428766,,,,,,
3,2,6,960716,no fish,-,-,-,Lippett Brk/Burlingame Rd,Cranston,,41.74028274,-71.52567549,,,,,,
3,2,7,960722,brbull,103.3,75,123,Peeptoad Brk/Chestnut Oak Rd,Glocester,,41.89231812,-71.63072496,,,,,,
3,2,7,960722,rdfnpick,91.0,70,140,Peeptoad Brk/Chestnut Oak Rd,Glocester,,41.89231812,-71.63072496,,,,,,
3,2,8,960722,brbull,61.5,37,90,Peeptoad Brk/Sandy Brk Rd,Glocester,,41.87386854,-71.62326597,,,,,,
3,2,8,960722,chnpick,165.5,161,170,Peeptoad Brk/Sandy Brk Rd,Glocester,,41.87386854,-71.62326597,,,,,,
3,2,8,960722,pmpknsd,61.0,53,71,Peeptoad Brk/Sandy Brk Rd,Glocester,,41.87386854,-71.62326597,,,,,,
3,2,8,960722,swmpdtr,47.7,46,50,Peeptoad Brk/Sandy Brk Rd,Glocester,,41.87386854,-71.62326597,,,,,,
3,2,9,960724,brktrt,94.3,83,113,Mosquitohawk Brk/Sandy Brk Rd,Glocester,,41.86417116,-71.63446333,,,,,,
3,2,9,960724,pmpknsd,50.0,50,50,Mosquitohawk Brk/Sandy Brk Rd,Glocester,,41.86417116,-71.63446333,,,,,,
3,2,9,960724,rdfnpick,95.1,55,165,Mosquitohawk Brk/Sandy Brk Rd,Glocester,,41.86417116,-71.63446333,,,,,,
3,2,9,960724,wtsuck,29.0,27,34,Mosquitohawk Brk/Sandy Brk Rd,Glocester,,41.86417116,-71.63446333,,,,,,
3,2,10,960725,brktrt,177.0,177,177,Huntinghouse Brk/Rocky Hill Rd,Scituate,,41.8546715,-71.63284694,,,,,,
3,2,10,960725,chnpick,101.1,43,223,Huntinghouse Brk/Rocky Hill Rd,Scituate,,41.8546715,-71.63284694,,,,,,
3,2,10,960725,lmb,48.0,48,48,Huntinghouse Brk/Rocky Hill Rd,Scituate,,41.8546715,-71.63284694,,,,,,
3,2,11,960725,brktrt,167.4,76,254,Rush Brk/Hartford Pike,Scituate,,41.83995895,-71.6503695,,,,,,
3,2,11,960725,wtsuck,56.8,25,114,Rush Brk/Hartford Pike,Scituate,,41.83995895,-71.6503695,,,,,,
3,2,12,960729,rdfnpick,100.0,58,160,Soakhide Brk/Danielson Pike(Rt6),Scituate,,41.83073828,-71.62648734,,,,,,
3,2,13,960729,brktrt,71.2,42,181,Spruce Brk/Plainfield Pike (Rt14),Scituate,,41.79202759,-71.62205101,,,,,,
3,2,14,960730,blgl,70.0,64,76,Tributary/Moswansicut P./Winsor Rd,Scituate,,41.854306,-71.575556,,,,,,
3,2,14,960730,brbull,95.0,91,99,Tributary/Moswansicut P./Winsor Rd,Scituate,,41.854306,-71.575556,,,,,,
3,2,14,960730,gldshnr,95.0,95,95,Tributary/Moswansicut P./Winsor Rd,Scituate,,41.854306,-71.575556,,,,,,
3,2,14,960730,pmpknsd,78.0,75,80,Tributary/Moswansicut P./Winsor Rd,Scituate,,41.854306,-71.575556,,,,,,
3,2,14,960730,rdfnpick,131.0,131,131,Tributary/Moswansicut P./Winsor Rd,Scituate,,41.854306,-71.575556,,,,,,
3,2,15,960730,brktrt,112.2,70,210,Cork Brk/Central Pike,Scituate,,41.81512345,-71.64753506,,,,,,
3,2,16,960806,brbull,115.0,102,128,Dolly Cole Brk/Tucker Hollow Rd,Foster,,41.83740307,-71.69374457,,,,,,
3,2,16,960806,lmb,43.0,40,46,Dolly Cole Brk/Tucker Hollow Rd,Foster,,41.83740307,-71.69374457,,,,,,
3,2,17,960805,blgl,75.1,64,92,Dolly Cole Brk/Danielson Pike (RT6),Foster,,41.82187769,-71.70028435,,,,,,
3,2,17,960805,bndsnfsh,52.2,50,56,Dolly Cole Brk/Danielson Pike (RT6),Foster,,41.82187769,-71.70028435,,,,,,
3,2,17,960805,brbull,115.0,65,165,Dolly Cole Brk/Danielson Pike (RT6),Foster,,41.82187769,-71.70028435,,,,,,
3,2,17,960805,chnpick,107.3,74,170,Dolly Cole Brk/Danielson Pike (RT6),Foster,,41.82187769,-71.70028435,,,,,,
3,2,17,960805,lmb,52.0,40,59,Dolly Cole Brk/Danielson Pike (RT6),Foster,,41.82187769,-71.70028435,,,,,,
3,2,17,960805,rnbwtrt,300.0,300,300,Dolly Cole Brk/Danielson Pike (RT6),Foster,,41.82187769,-71.70028435,,,,,,
3,2,17,960805,wtsuck,50.0,50,50,Dolly Cole Brk/Danielson Pike (RT6),Foster,,41.82187769,-71.70028435,,,,,,
3,2,18,960805,chnpick,87.0,65,109,Ponaganset R/Winsor Rd,Foster,,41.84995104,-71.74563536,,,,,,
3,2,18,960805,lmb,40.0,40,40,Ponaganset R/Winsor Rd,Foster,,41.84995104,-71.74563536,,,,,,
3,2,19,960806,brbull,112.3,95,153,Ponaganset R/Pine Tree Rd,Foster,,41.8435,-71.74125,,,,,,
3,2,19,960806,brktrt,305.0,305,305,Ponaganset R/Pine Tree Rd,Foster,,41.8435,-71.74125,,,,,,
3,2,19,960806,chnpick,97.0,87,107,Ponaganset R/Pine Tree Rd,Foster,,41.8435,-71.74125,,,,,,
3,2,19,960806,fllfsh,113.5,93,153,Ponaganset R/Pine Tree Rd,Foster,,41.8435,-71.74125,,,,,,
3,2,19,960806,wtsuck,100.0,100,100,Ponaganset R/Pine Tree Rd,Foster,,41.8435,-71.74125,,,,,,
3,2,20,960807,brktrt,137.9,71,172,Winsor Brk/Winsor Rd,Foster,,41.83504597,-71.72279028,,,,,,
3,2,20,960807,chnpick,103.2,85,130,Winsor Brk/Winsor Rd,Foster,,41.83504597,-71.72279028,,,,,,
3,2,20,960807,fllfsh,63.4,24,154,Winsor Brk/Winsor Rd,Foster,,41.83504597,-71.72279028,,,,,,
3,2,20,960807,lmb,57.5,50,65,Winsor Brk/Winsor Rd,Foster,,41.83504597,-71.72279028,,,,,,
3,2,20,960807,pmpknsd,65.7,62,70,Winsor Brk/Winsor Rd,Foster,,41.83504597,-71.72279028,,,,,,
3,2,20,960807,rdfnpick,143.0,143,143,Winsor Brk/Winsor Rd,Foster,,41.83504597,-71.72279028,,,,,,
3,2,20,960807,wtsuck,39.8,32,46,Winsor Brk/Winsor Rd,Foster,,41.83504597,-71.72279028,,,,,,
3,2,21,960731,brktrt,114.3,73,166,Swamp Brk/Central Pike,Scituate,,41.80933569,-71.67725544,,,,,,
3,2,22,960809,chnpick,111.0,80,142,Hannah Brk/Hartford Pike,Foster,,41.85486586,-71.72081229,,,,,,
3,2,22,960809,pmpknsd,49.7,43,59,Hannah Brk/Hartford Pike,Foster,,41.85486586,-71.72081229,,,,,,
3,2,22,960809,rdfnpick,92.0,92,92,Hannah Brk/Hartford Pike,Foster,,41.85486586,-71.72081229,,,,,,
3,2,22,960809,swmpdtr,31.0,24,46,Hannah Brk/Hartford Pike,Foster,,41.85486586,-71.72081229,,,,,,
3,2,23,960809,blkndce,37.0,36,38,Shippee Brk/Willoughby Young Rd,Foster,,41.83105847,-71.75108109,,,,,,
3,2,23,960809,brbull,89.1,66,130,Shippee Brk/Willoughby Young Rd,Foster,,41.83105847,-71.75108109,,,,,,
3,2,23,960809,chnpick,144.0,120,170,Shippee Brk/Willoughby Young Rd,Foster,,41.83105847,-71.75108109,,,,,,
3,2,23,960809,fllfsh,108.4,33,136,Shippee Brk/Willoughby Young Rd,Foster,,41.83105847,-71.75108109,,,,,,
3,2,23,960809,lmb,67.5,61,74,Shippee Brk/Willoughby Young Rd,Foster,,41.83105847,-71.75108109,,,,,,
3,2,23,960809,lngndc,77.4,70,86,Shippee Brk/Willoughby Young Rd,Foster,,41.83105847,-71.75108109,,,,,,
3,2,23,960809,pmpknsd,82.3,75,95,Shippee Brk/Willoughby Young Rd,Foster,,41.83105847,-71.75108109,,,,,,
3,2,24,960814,blgl,135.0,135,135,Paine Brk/Paine Rd,Foster,,41.81679227,-71.75043379,,,,,,
3,2,24,960814,brktrt,153.7,95,201,Paine Brk/Paine Rd,Foster,,41.81679227,-71.75043379,,,,,,
3,2,25,960815,brktrt,117.8,64,176,Tributary/Hemlock Bk./King Rd,Foster,,41.78346362,-71.69743162,,,,,,
3,2,26,960815,brbull,116.0,115,117,Hemlock Brk/North Rd upstream bridge,Foster,,41.78924062,-71.73681051,,,,,,
3,2,26,960815,gldshnr,85.8,81,96,Hemlock Brk/North Rd upstream bridge,Foster,,41.78924062,-71.73681051,,,,,,
3,2,26,960815,rdfnpick,85.3,70,116,Hemlock Brk/North Rd upstream bridge,Foster,,41.78924062,-71.73681051,,,,,,
3,2,27,960816,blgl,68.9,61,79,Hemlock Brk/King Rd,Foster,,41.79060561,-71.69825933,,,,,,
3,2,27,960816,bndsnfsh,66.7,54,74,Hemlock Brk/King Rd,Foster,,41.79060561,-71.69825933,,,,,,
3,2,27,960816,brbull,119.8,53,164,Hemlock Brk/King Rd,Foster,,41.79060561,-71.69825933,,,,,,
3,2,27,960816,brktrt,156.9,132,206,Hemlock Brk/King Rd,Foster,,41.79060561,-71.69825933,,,,,,
3,2,27,960816,fllfsh,100.9,33,197,Hemlock Brk/King Rd,Foster,,41.79060561,-71.69825933,,,,,,
3,2,27,960816,lmb,70.4,49,123,Hemlock Brk/King Rd,Foster,,41.79060561,-71.69825933,,,,,,
3,2,27,960816,rdfnpick,136.5,134,139,Hemlock Brk/King Rd,Foster,,41.79060561,-71.69825933,,,,,,
3,2,27,960816,wtsuck,55.2,28,183,Hemlock Brk/King Rd,Foster,,41.79060561,-71.69825933,,,,,,
3,2,27,960816,yperch,131.8,110,155,Hemlock Brk/King Rd,Foster,,41.79060561,-71.69825933,,,,,,
3,2,28,960911,brktrt,91.6,44,219,Bear Tree Brk/Rockland Cemetery Rd.,Foster,,41.782778,-71.676944,,,,,,
3,2,28,960911,crkchbskr,78.0,78,78,Bear Tree Brk/Rockland Cemetery Rd.,Foster,,41.782778,-71.676944,,,,,,
3,2,29,970430,blgl,118.5,52,219,J.L. Curran Res.,Cranston,,41.750861,-71.550083,,,,,,
3,2,29,970430,chnpick,314.8,98,491,J.L. Curran Res.,Cranston,,41.750861,-71.550083,,,,,,
3,2,29,970430,lmb,263.9,145,484,J.L. Curran Res.,Cranston,,41.750861,-71.550083,,,,,,
3,2,29,970430,yperch,211.7,96,276,J.L. Curran Res.,Cranston,,41.750861,-71.550083,,,,,,
3,2,30,970701,brbull,180.0,180,180,Wilbur Hollow Bk/Carpenter Rd,Scituate,,41.75474799,-71.6527946,,,,,,
3,2,30,970701,gldshnr,84.0,73,95,Wilbur Hollow Bk/Carpenter Rd,Scituate,,41.75474799,-71.6527946,,,,,,
3,2,30,970701,rdfnpick,134.0,103,148,Wilbur Hollow Bk/Carpenter Rd,Scituate,,41.75474799,-71.6527946,,,,,,
3,2,31,970702,brbull,177.0,177,177,Pottervill Bk/Old Plainfield Pike,Scituate,,41.75471044,-71.65756912,,,,,,
3,2,31,970702,chnpick,160.0,160,160,Pottervill Bk/Old Plainfield Pike,Scituate,,41.75471044,-71.65756912,,,,,,
3,2,31,970702,gldshnr,118.0,118,118,Pottervill Bk/Old Plainfield Pike,Scituate,,41.75471044,-71.65756912,,,,,,
3,2,31,970702,pmpknsd,126.5,118,135,Pottervill Bk/Old Plainfield Pike,Scituate,,41.75471044,-71.65756912,,,,,,
3,2,31,970702,rdfnpick,169.5,165,174,Pottervill Bk/Old Plainfield Pike,Scituate,,41.75471044,-71.65756912,,,,,,
3,2,32,970714,rdfnpick,83.5,42,161,Colvin Bk/Howard Ave,Scituate,,41.740167,-71.578917,,,,,,
3,2,33,970714,chnpick,57.5,48,67,Black Rock Bk/Hill ST,Coventry,,41.72144993,-71.54658657,,,,,,
3,2,34,1030826,brbull,102.5,101,104,Shippee Brook/Willoughby Young Rd.,Foster,,41.83539112,-71.75484829,,,,,,
3,2,34,1030826,brktrt,133.0,70,184,Shippee Brook/Willoughby Young Rd.,Foster,,41.83539112,-71.75484829,,,,,,
3,2,34,1030826,chnpick,93.5,92,95,Shippee Brook/Willoughby Young Rd.,Foster,,41.83539112,-71.75484829,,,,,,
3,2,34,1030826,gldshnr,82.0,82,82,Shippee Brook/Willoughby Young Rd.,Foster,,41.83539112,-71.75484829,,,,,,
3,2,34,1030826,lmb,58.7,50,72,Shippee Brook/Willoughby Young Rd.,Foster,,41.83539112,-71.75484829,,,,,,
3,2,34,1030826,pmpknsd,81.0,81,81,Shippee Brook/Willoughby Young Rd.,Foster,,41.83539112,-71.75484829,,,,,,
3,2,34,1030826,rdfnpick,104.0,103,105,Shippee Brook/Willoughby Young Rd.,Foster,,41.83539112,-71.75484829,,,,,,
3,2,35,1110610,brktrt,121.4,47,187,King Pond Brook/Tunk Hill Road,Scituate,,414655.3,713917.4,,,,,,
3,3,1,970730,blgl,77.0,77,77,Raccoon Bk/Robin Hollow Rd,West Greenwich,,41.62010343,-71.64790769,,,,,,
3,3,1,970730,brktrt,102.6,51,181,Raccoon Bk/Robin Hollow Rd,West Greenwich,,41.62010343,-71.64790769,,,,,,
3,3,1,970730,lmb,44.0,44,44,Raccoon Bk/Robin Hollow Rd,West Greenwich,,41.62010343,-71.64790769,,,,,,
3,3,1,970730,rdfnpick,134.0,114,167,Raccoon Bk/Robin Hollow Rd,West Greenwich,,41.62010343,-71.64790769,,,,,,
3,3,1,970730,wtsuck,33.0,33,33,Raccoon Bk/Robin Hollow Rd,West Greenwich,,41.62010343,-71.64790769,,,,,,
3,3,2,1020917,bndkilli,53.5,12,92,Tiogue Lake,Coventry,,41.679444,-71.549833,,,,,,
3,3,2,970508,blgl,133.5,91,176,Tiogue Lake,Coventry,,41.679444,-71.549833,,,,,,
3,3,2,970508,blkcrp,262.0,262,262,Tiogue Lake,Coventry,,41.679444,-71.549833,,,,,,
3,3,2,970508,brbull,267.0,135,320,Tiogue Lake,Coventry,,41.679444,-71.549833,,,,,,
3,3,2,970508,carp,652.8,561,875,Tiogue Lake,Coventry,,41.679444,-71.549833,,,,,,
3,3,2,970508,lmb,353.8,271,448,Tiogue Lake,Coventry,,41.679444,-71.549833,,,,,,
3,3,2,970508,pmpknsd,116.4,51,183,Tiogue Lake,Coventry,,41.679444,-71.549833,,,,,,
3,3,2,970508,smb,237.3,86,322,Tiogue Lake,Coventry,,41.679444,-71.549833,,,,,,
3,3,2,970508,wperch,179.0,164,212,Tiogue Lake,Coventry,,41.679444,-71.549833,,,,,,
3,3,2,970508,wtsuck,430.5,151,502,Tiogue Lake,Coventry,,41.679444,-71.549833,,,,,,
3,3,2,970508,yperch,164.2,93,220,Tiogue Lake,Coventry,,41.679444,-71.549833,,,,,,
3,3,2,991025,blgl,-,-,-,Tiogue Lake,Coventry,,41.679444,-71.549833,,,,,,
3,3,2,991025,blkcrp,-,-,-,Tiogue Lake,Coventry,,41.679444,-71.549833,,,,,,
3,3,2,991025,brbull,375.0,375,375,Tiogue Lake,Coventry,,41.679444,-71.549833,,,,,,
3,3,2,991025,carp,-,-,-,Tiogue Lake,Coventry,,41.679444,-71.549833,,,,,,
3,3,2,991025,chnpick,-,-,-,Tiogue Lake,Coventry,,41.679444,-71.549833,,,,,,
3,3,2,991025,gldshnr,-,-,-,Tiogue Lake,Coventry,,41.679444,-71.549833,,,,,,
3,3,2,991025,lmb,-,-,-,Tiogue Lake,Coventry,,41.679444,-71.549833,,,,,,
3,3,2,991025,pmpknsd,-,-,-,Tiogue Lake,Coventry,,41.679444,-71.549833,,,,,,
3,3,2,991025,smb,-,-,-,Tiogue Lake,Coventry,,41.679444,-71.549833,,,,,,
3,3,2,991025,wperch,-,-,-,Tiogue Lake,Coventry,,41.679444,-71.549833,,,,,,
3,3,2,991025,wtcat,140.0,140,140,Tiogue Lake,Coventry,,41.679444,-71.549833,,,,,,
3,3,2,991025,wtsuck,-,-,-,Tiogue Lake,Coventry,,41.679444,-71.549833,,,,,,
3,3,2,991025,yperch,-,-,-,Tiogue Lake,Coventry,,41.679444,-71.549833,,,,,,
3,3,2,1031014,blgl,-,-,-,Tiogue Lake,Coventry,,41.679444,-71.549833,,,,,,
3,3,2,1031014,blkcrp,236.0,236,236,Tiogue Lake,Coventry,,41.679444,-71.549833,,,,,,
3,3,2,1031014,brktrt,-,-,-,Tiogue Lake,Coventry,,41.679444,-71.549833,,,,,,
3,3,2,1031014,carp,-,-,-,Tiogue Lake,Coventry,,41.679444,-71.549833,,,,,,
3,3,2,1031014,chnpick,-,-,-,Tiogue Lake,Coventry,,41.679444,-71.549833,,,,,,
3,3,2,1031014,gldshnr,249.0,249,249,Tiogue Lake,Coventry,,41.679444,-71.549833,,,,,,
3,3,2,1031014,lmb,-,-,-,Tiogue Lake,Coventry,,41.679444,-71.549833,,,,,,
3,3,2,1031014,pmpknsd,-,-,-,Tiogue Lake,Coventry,,41.679444,-71.549833,,,,,,
3,3,2,1031014,wperch,-,-,-,Tiogue Lake,Coventry,,41.679444,-71.549833,,,,,,
3,3,2,1031014,wtsuck,-,-,-,Tiogue Lake,Coventry,,41.679444,-71.549833,,,,,,
3,3,2,1031014,yperch,-,-,-,Tiogue Lake,Coventry,,41.679444,-71.549833,,,,,,
3,3,2,1080929,eel,305.0,,,Tiogue Lake,Coventry,,41.679444,-71.549833,,,,,,
3,3,2,1080929,bndkilli,65.0,,,Tiogue Lake,Coventry,,41.679444,-71.549833,,,,,,
3,3,2,1080929,smb,438.0,,,Tiogue Lake,Coventry,,41.679444,-71.549833,,,,,,
3,3,2,1080929,blkcrp,286.0,,,Tiogue Lake,Coventry,,41.679444,-71.549833,,,,,,
3,3,2,1080929,lmb,,79,477,Tiogue Lake,Coventry,,41.679444,-71.549833,,,,,,
3,3,2,1080929,wtsuck,,420,499,Tiogue Lake,Coventry,,41.679444,-71.549833,,,,,,
3,3,2,1080929,pmpknsd,,68,166,Tiogue Lake,Coventry,,41.679444,-71.549833,,,,,,
3,3,2,1080929,blgl,,44,155,Tiogue Lake,Coventry,,41.679444,-71.549833,,,,,,
3,3,2,1080929,yperch,,80,176,Tiogue Lake,Coventry,,41.679444,-71.549833,,,,,,
3,3,2,1080929,wperch,,81,231,Tiogue Lake,Coventry,,41.679444,-71.549833,,,,,,
3,3,2,1080929,carp,,640,800,Tiogue Lake,Coventry,,41.679444,-71.549833,,,,,,
3,3,2,1080929,gldshnr,,76,226,Tiogue Lake,Coventry,,41.679444,-71.549833,,,,,,
3,3,3,970514,swmpdtr,41.5,40,43,Mishnock Pond,West Greenwich,,41.654222,-71.590056,,,,,,
3,3,3,970514,blgl,139.2,43,173,Mishnock Pond,West Greenwich,,41.654222,-71.590056,,,,,,
3,3,3,970514,brbull,336.8,306,375,Mishnock Pond,West Greenwich,,41.654222,-71.590056,,,,,,
3,3,3,970514,chnpick,291.9,148,522,Mishnock Pond,West Greenwich,,41.654222,-71.590056,,,,,,
3,3,3,970514,gldshnr,183.1,76,272,Mishnock Pond,West Greenwich,,41.654222,-71.590056,,,,,,
3,3,3,970514,lmb,259.3,55,399,Mishnock Pond,West Greenwich,,41.654222,-71.590056,,,,,,
3,3,3,970514,pmpknsd,149.5,71,188,Mishnock Pond,West Greenwich,,41.654222,-71.590056,,,,,,
3,3,3,970514,yperch,271.3,252,294,Mishnock Pond,West Greenwich,,41.654222,-71.590056,,,,,,
3,3,4,970520,brbull,226.0,158,252,Tarbox Pond,West Greenwich,,41.636139,-71.572417,,,,,,
3,3,4,970520,chnpick,198.4,112,301,Tarbox Pond,West Greenwich,,41.636139,-71.572417,,,,,,
3,3,4,970520,crkchbskr,122.2,76,266,Tarbox Pond,West Greenwich,,41.636139,-71.572417,,,,,,
3,3,4,970520,gldshnr,143.5,99,186,Tarbox Pond,West Greenwich,,41.636139,-71.572417,,,,,,
3,3,4,970520,lmb,294.0,60,460,Tarbox Pond,West Greenwich,,41.636139,-71.572417,,,,,,
3,3,4,970520,pmpknsd,132.3,86,159,Tarbox Pond,West Greenwich,,41.636139,-71.572417,,,,,,
3,3,4,970520,yperch,171.1,95,245,Tarbox Pond,West Greenwich,,41.636139,-71.572417,,,,,,
3,3,4,970522,bndsnfsh,68.5,67,70,Tarbox Pond,West Greenwich,,41.636139,-71.572417,,,,,,
3,3,5,970528,blgl,152.2,78,222,Quidneck Res.,Coventry,,41.680194,-71.676806,,,,,,
3,3,5,970528,brbull,312.0,309,315,Quidneck Res.,Coventry,,41.680194,-71.676806,,,,,,
3,3,5,970528,chnpick,319.6,107,422,Quidneck Res.,Coventry,,41.680194,-71.676806,,,,,,
3,3,5,970528,crkchbskr,261.0,261,261,Quidneck Res.,Coventry,,41.680194,-71.676806,,,,,,
3,3,5,970528,gldshnr,223.0,223,223,Quidneck Res.,Coventry,,41.680194,-71.676806,,,,,,
3,3,5,970528,lmb,363.4,204,531,Quidneck Res.,Coventry,,41.680194,-71.676806,,,,,,
3,3,5,970528,pmpknsd,145.0,85,206,Quidneck Res.,Coventry,,41.680194,-71.676806,,,,,,
3,3,5,970528,smb,218.0,90,420,Quidneck Res.,Coventry,,41.680194,-71.676806,,,,,,
3,3,5,970528,wtsuck,75.0,75,75,Quidneck Res.,Coventry,,41.680194,-71.676806,,,,,,
3,3,5,970528,yperch,169.6,81,287,Quidneck Res.,Coventry,,41.680194,-71.676806,,,,,,
3,3,6,970603,blgl,119.5,104,178,Johnson Pond,Coventry,,41.697417,-71.605528,,,,,,
3,3,6,970603,blkcrp,168.0,151,185,Johnson Pond,Coventry,,41.697417,-71.605528,,,,,,
3,3,6,970603,brbull,240.4,220,294,Johnson Pond,Coventry,,41.697417,-71.605528,,,,,,
3,3,6,970603,chnpick,296.2,98,526,Johnson Pond,Coventry,,41.697417,-71.605528,,,,,,
3,3,6,970603,gldshnr,203.6,176,229,Johnson Pond,Coventry,,41.697417,-71.605528,,,,,,
3,3,6,970603,lmb,247.9,147,535,Johnson Pond,Coventry,,41.697417,-71.605528,,,,,,
3,3,6,970603,pmpknsd,142.0,112,183,Johnson Pond,Coventry,,41.697417,-71.605528,,,,,,
3,3,6,970603,wperch,233.4,220,247,Johnson Pond,Coventry,,41.697417,-71.605528,,,,,,
3,3,6,970603,wtsuck,389.0,284,504,Johnson Pond,Coventry,,41.697417,-71.605528,,,,,,
3,3,6,970603,yperch,163.6,125,203,Johnson Pond,Coventry,,41.697417,-71.605528,,,,,,
3,3,6,970605,blgl,113.3,36,168,Johnson Pond,Coventry,,41.697417,-71.605528,,,,,,
3,3,6,970605,blkcrp,153.8,143,171,Johnson Pond,Coventry,,41.697417,-71.605528,,,,,,
3,3,6,970605,brbull,296.0,296,296,Johnson Pond,Coventry,,41.697417,-71.605528,,,,,,
3,3,6,970605,brntrt,360.0,360,360,Johnson Pond,Coventry,,41.697417,-71.605528,,,,,,
3,3,6,970605,chnpick,324.9,212,465,Johnson Pond,Coventry,,41.697417,-71.605528,,,,,,
3,3,6,970605,lmb,267.1,163,427,Johnson Pond,Coventry,,41.697417,-71.605528,,,,,,
3,3,6,970605,pmpknsd,127.4,69,182,Johnson Pond,Coventry,,41.697417,-71.605528,,,,,,
3,3,6,970605,smb,193.5,183,204,Johnson Pond,Coventry,,41.697417,-71.605528,,,,,,
3,3,6,970605,wperch,221.8,182,287,Johnson Pond,Coventry,,41.697417,-71.605528,,,,,,
3,3,6,970605,wtsuck,514.0,507,521,Johnson Pond,Coventry,,41.697417,-71.605528,,,,,,
3,3,6,970605,yperch,174.6,135,219,Johnson Pond,Coventry,,41.697417,-71.605528,,,,,,
3,3,6,1030731,swmpdtr,34.5,34,35,Johnson Pond,Coventry,,41.697417,-71.605528,,,,,,
3,3,6,1040727,wtcat,432.0,432,432,Johnson Pond,Coventry,,41.697417,-71.605528,,,,,,
3,3,6,1081020,npike,880.0,,,Johnson Pond/Ftat R. Res.,Coventry,,41.697417,-71.605528,,,,,,
3,3,6,1081020,brbull,303.0,,,Johnson Pond/Ftat R. Res.,Coventry,,41.697417,-71.605528,,,,,,
3,3,6,1081020,lmb,68-372,68,372,Johnson Pond/Ftat R. Res.,Coventry,,41.697417,-71.605528,,,,,,
3,3,6,1081020,wtsuck,276-365,276,365,Johnson Pond/Ftat R. Res.,Coventry,,41.697417,-71.605528,,,,,,
3,3,6,1081020,blgl,62-194,62,194,Johnson Pond/Ftat R. Res.,Coventry,,41.697417,-71.605528,,,,,,
3,3,6,1081020,yperch,80-231,80,231,Johnson Pond/Ftat R. Res.,Coventry,,41.697417,-71.605528,,,,,,
3,3,6,1081020,chnpick,130-391,130,391,Johnson Pond/Ftat R. Res.,Coventry,,41.697417,-71.605528,,,,,,
3,3,6,1081020,blkcrp,68-252,68,252,Johnson Pond/Ftat R. Res.,Coventry,,41.697417,-71.605528,,,,,,
3,3,6,1081020,gldshnr,'91-141,91,141,Johnson Pond/Ftat R. Res.,Coventry,,41.697417,-71.605528,,,,,,
3,3,6,1081020,wperch,246-272,246,272,Johnson Pond/Ftat R. Res.,Coventry,,41.697417,-71.605528,,,,,,
3,3,6,1081020,pmpknsd,88-202,88,292,Johnson Pond/Ftat R. Res.,Coventry,,41.697417,-71.605528,,,,,,
3,3,7,970617,bndsnfsh,70.0,39,94,Carr Pond,West Greenwich,,41.634111,-71.555278,,,,,,
3,3,7,970617,swmpdtr,40.0,40,40,Carr Pond,West Greenwich,,41.634111,-71.555278,,,,,,
3,3,8,970707,brktrt,63.0,45,81,Turkey Meadow Bk/Route 102,Coventry,,41.72599265,-71.70079765,,,,,,
3,3,9,970708,brktrt,88.8,52,176,Flat R/Maple Valley Rd (west),Coventry,,41.719917,-71.683639,,,,,,
3,3,9,970708,pmpknsd,82.0,77,87,Flat R/Maple Valley Rd (west),Coventry,,41.719917,-71.683639,,,,,,
3,3,10,970710,blgl,50.3,46,53,Flat R/Maple Valley Rd (east),Coventry,,41.71453135,-71.65238856,,,,,,
3,3,10,970710,brbull,111.3,93,127,Flat R/Maple Valley Rd (east),Coventry,,41.71453135,-71.65238856,,,,,,
3,3,10,970710,brktrt,97.5,61,197,Flat R/Maple Valley Rd (east),Coventry,,41.71453135,-71.65238856,,,,,,
3,3,10,970710,rdfnpick,173.0,173,173,Flat R/Maple Valley Rd (east),Coventry,,41.71453135,-71.65238856,,,,,,
3,3,10,970710,wtsuck,44.0,24,100,Flat R/Maple Valley Rd (east),Coventry,,41.71453135,-71.65238856,,,,,,
3,3,11,970711,blgl,95.0,92,98,Boyd Bk/Town farm Rd,Coventry,,41.71502226,-71.63010071,,,,,,
3,3,11,970711,brbull,95.0,95,95,Boyd Bk/Town farm Rd,Coventry,,41.71502226,-71.63010071,,,,,,
3,3,11,970711,brktrt,111.4,59,192,Boyd Bk/Town farm Rd,Coventry,,41.71502226,-71.63010071,,,,,,
3,3,11,970711,rdfnpick,130.3,125,134,Boyd Bk/Town farm Rd,Coventry,,41.71502226,-71.63010071,,,,,,
3,3,11,970711,swmpdtr,43.0,43,43,Boyd Bk/Town farm Rd,Coventry,,41.71502226,-71.63010071,,,,,,
3,3,12,970716,brktrt,105.4,43,215,Quidnick Bk/Williams Crossing,Coventry,,41.69144533,-71.66855327,,,,,,
3,3,12,970716,fllfsh,118.6,98,195,Quidnick Bk/Williams Crossing,Coventry,,41.69144533,-71.66855327,,,,,,
3,3,12,970716,wtsuck,167.6,137,180,Quidnick Bk/Williams Crossing,Coventry,,41.69144533,-71.66855327,,,,,,
3,3,13,970717,bndsnfsh,48.0,48,48,Bear Bk/Fish Hill Rd,Coventry,,41.66366954,-71.63034193,,,,,,
3,3,13,970717,brktrt,91.3,73,203,Bear Bk/Fish Hill Rd,Coventry,,41.66366954,-71.63034193,,,,,,
3,3,13,970717,lmb,46.7,40,65,Bear Bk/Fish Hill Rd,Coventry,,41.66366954,-71.63034193,,,,,,
3,3,13,970717,rdfnpick,106.3,53,173,Bear Bk/Fish Hill Rd,Coventry,,41.66366954,-71.63034193,,,,,,
3,3,14,970722,brbull,132.8,111,150,Nooseneck R/Fry School Rd,West Greenwich,,41.637639,-71.667917,,,,,,
3,3,14,970722,chnpick,55.0,55,55,Nooseneck R/Fry School Rd,West Greenwich,,41.637639,-71.667917,,,,,,
3,3,14,970722,crkchbskr,106.2,81,190,Nooseneck R/Fry School Rd,West Greenwich,,41.637639,-71.667917,,,,,,
3,3,14,970722,fllfsh,99.6,30,170,Nooseneck R/Fry School Rd,West Greenwich,,41.637639,-71.667917,,,,,,
3,3,14,970722,gldshnr,95.5,76,115,Nooseneck R/Fry School Rd,West Greenwich,,41.637639,-71.667917,,,,,,
3,3,14,970722,rdfnpick,139.8,127,156,Nooseneck R/Fry School Rd,West Greenwich,,41.637639,-71.667917,,,,,,
3,3,15,970723,brbull,124.3,113,136,Nooseneck R/Nooseneck Hill Rd (route3),West Greenwich,,41.62688248,-71.63293204,,,,,,
3,3,15,970723,brktrt,110.8,65,144,Nooseneck R/Nooseneck Hill Rd (route3),West Greenwich,,41.62688248,-71.63293204,,,,,,
3,3,15,970723,fllfsh,142.5,125,168,Nooseneck R/Nooseneck Hill Rd (route3),West Greenwich,,41.62688248,-71.63293204,,,,,,
3,3,15,970723,lmb,84.0,50,118,Nooseneck R/Nooseneck Hill Rd (route3),West Greenwich,,41.62688248,-71.63293204,,,,,,
3,3,15,970723,rdfnpick,125.5,95,181,Nooseneck R/Nooseneck Hill Rd (route3),West Greenwich,,41.62688248,-71.63293204,,,,,,
3,3,15,970723,wtsuck,138.0,138,138,Nooseneck R/Nooseneck Hill Rd (route3),West Greenwich,,41.62688248,-71.63293204,,,,,,
3,3,16,970730,brktrt,110.8,55,194,Congdon R/Congdon Mill Rd,West Greenwich,,41.61231635,-71.62266328,,,,,,
3,3,16,970730,brntrt,313.3,304,320,Congdon R/Congdon Mill Rd,West Greenwich,,41.61231635,-71.62266328,,,,,,
3,3,16,970730,lmb,53.0,53,53,Congdon R/Congdon Mill Rd,West Greenwich,,41.61231635,-71.62266328,,,,,,
3,3,16,970730,rdfnpick,130.8,111,150,Congdon R/Congdon Mill Rd,West Greenwich,,41.61231635,-71.62266328,,,,,,
3,3,16,970730,swmpdtr,49.0,49,49,Congdon R/Congdon Mill Rd,West Greenwich,,41.61231635,-71.62266328,,,,,,
3,3,16,970730,wtsuck,45.8,33,56,Congdon R/Congdon Mill Rd,West Greenwich,,41.61231635,-71.62266328,,,,,,
3,3,17,970801,bndsnfsh,66.7,50,85,Carr R/Burnt Sawmill Rd,West Greenwich,,41.64317242,-71.60823889,,,,,,
3,3,17,970801,brbull,112.3,85,178,Carr R/Burnt Sawmill Rd,West Greenwich,,41.64317242,-71.60823889,,,,,,
3,3,17,970801,chnpick,159.8,54,235,Carr R/Burnt Sawmill Rd,West Greenwich,,41.64317242,-71.60823889,,,,,,
3,3,17,970801,crkchbskr,118.0,82,207,Carr R/Burnt Sawmill Rd,West Greenwich,,41.64317242,-71.60823889,,,,,,
3,3,17,970801,lmb,139.0,139,139,Carr R/Burnt Sawmill Rd,West Greenwich,,41.64317242,-71.60823889,,,,,,
3,3,17,970801,pmpknsd,89.0,89,89,Carr R/Burnt Sawmill Rd,West Greenwich,,41.64317242,-71.60823889,,,,,,
3,3,17,970801,rdfnpick,123.4,54,154,Carr R/Burnt Sawmill Rd,West Greenwich,,41.64317242,-71.60823889,,,,,,
3,3,18,970804,brktrt,81.5,37,126,Tributary/Congdon R./Sweet Sawmill Rd,West Greenwich,,41.61334791,-71.61836404,,,,,,
3,3,19,970807,blgl,122.0,80,189,South Branch Pawtuxet R./S Main St,Coventry,,41.69007271,-71.56645938,,,,,,
3,3,19,970807,blkcrp,202.5,200,205,South Branch Pawtuxet R./S Main St,Coventry,,41.69007271,-71.56645938,,,,,,
3,3,19,970807,brbull,154.0,44,223,South Branch Pawtuxet R./S Main St,Coventry,,41.69007271,-71.56645938,,,,,,
3,3,19,970807,chnpick,106.5,94,117,South Branch Pawtuxet R./S Main St,Coventry,,41.69007271,-71.56645938,,,,,,
3,3,19,970807,lmb,91.8,52,373,South Branch Pawtuxet R./S Main St,Coventry,,41.69007271,-71.56645938,,,,,,
3,3,19,970807,smb,110.7,40,240,South Branch Pawtuxet R./S Main St,Coventry,,41.69007271,-71.56645938,,,,,,
3,3,19,970807,wtcat,44.0,44,44,South Branch Pawtuxet R./S Main St,Coventry,,41.69007271,-71.56645938,,,,,,
3,3,19,970807,wtsuck,193.2,170,250,South Branch Pawtuxet R./S Main St,Coventry,,41.69007271,-71.56645938,,,,,,
3,3,19,970807,ylbull,106.3,39,145,South Branch Pawtuxet R./S Main St,Coventry,,41.69007271,-71.56645938,,,,,,
3,3,19,970807,yperch,126.5,125,128,South Branch Pawtuxet R./S Main St,Coventry,,41.69007271,-71.56645938,,,,,,
3,3,20,970808,blgl,106.4,93,120,Mishnock R/Nooseneck Hill Rd (Route 3),Coventry,,41.67881681,-71.58075873,,,,,,
3,3,20,970808,brktrt,194.2,188,201,Mishnock R/Nooseneck Hill Rd (Route 3),Coventry,,41.67881681,-71.58075873,,,,,,
3,3,20,970808,lmb,118.0,118,118,Mishnock R/Nooseneck Hill Rd (Route 3),Coventry,,41.67881681,-71.58075873,,,,,,
3,3,20,970808,pmpknsd,118.0,117,119,Mishnock R/Nooseneck Hill Rd (Route 3),Coventry,,41.67881681,-71.58075873,,,,,,
3,3,20,970808,rdfnpick,168.8,142,247,Mishnock R/Nooseneck Hill Rd (Route 3),Coventry,,41.67881681,-71.58075873,,,,,,
3,3,20,970808,wtsuck,60.0,60,60,Mishnock R/Nooseneck Hill Rd (Route 3),Coventry,,41.67881681,-71.58075873,,,,,,
3,3,21,970825,brktrt,74.5,57,159,Hawkinson Bk/Green Bush Rd,West Warwick,,41.670306,-71.524278,,,,,,
3,3,22,1030606,bndsnfsh,48.0,32,64,Pierce Brook/Matteson Road,Coventry,,41.72337156,-71.64444549,,,,,,
3,3,22,1030606,brbull,54.8,53,59,Pierce Brook/Matteson Road,Coventry,,41.72337156,-71.64444549,,,,,,
3,3,22,1030606,brdlshnr,46.0,40,56,Pierce Brook/Matteson Road,Coventry,,41.72337156,-71.64444549,,,,,,
3,3,22,1030606,chnpick,61.3,43,94,Pierce Brook/Matteson Road,Coventry,,41.72337156,-71.64444549,,,,,,
3,3,22,1030606,pmpknsd,40.4,28,82,Pierce Brook/Matteson Road,Coventry,,41.72337156,-71.64444549,,,,,,
3,3,22,1030606,swmpdtr,34.8,28,50,Pierce Brook/Matteson Road,Coventry,,41.72337156,-71.64444549,,,,,,
3,3,22,1030626,brktrt,83.3,77,87,Pierce Brook/Matteson Road,Coventry,,41.72337156,-71.64444549,,,,,,
3,3,22,1030626,pmpknsd,44.3,37,64,Pierce Brook/Matteson Road,Coventry,,41.72337156,-71.64444549,,,,,,
3,3,23,1060830,crkchbskr,200.0,193,207,"Big River, Burnt Sawmill Rd. canoe access",West Greenwich,,41.632422,71.618622,,,,,,
3,3,23,1060913,blgl,199.0,199,199,"Big River, Burnt Sawmill Rd. canoe access",West Greenwich,,41.632422,71.618622,,,,,,
3,3,23,1060913,chnpick,187.0,187,187,"Big River, Burnt Sawmill Rd. canoe access",West Greenwich,,41.632422,71.618622,,,,,,
3,3,23,1060913,fllfsh,225.3,220,232,"Big River, Burnt Sawmill Rd. canoe access",West Greenwich,,41.632422,71.618622,,,,,,
3,3,23,1060913,gldshnr,128.5,117,140,"Big River, Burnt Sawmill Rd. canoe access",West Greenwich,,41.632422,71.618622,,,,,,
3,3,23,1060913,rdfnpick,193.5,151,236,"Big River, Burnt Sawmill Rd. canoe access",West Greenwich,,41.632422,71.618622,,,,,,
3,3,23,1060913,wtsuck,274.0,274,274,"Big River, Burnt Sawmill Rd. canoe access",West Greenwich,,41.632422,71.618622,,,,,,
3,3,23,1060913,yperch,165.2,150,182,"Big River, Burnt Sawmill Rd. canoe access",West Greenwich,,41.632422,71.618622,,,,,,
3,3,24,1110714,blgl,93,93,93,Hawkinson Brook/Turner Dr,West Warwick,414048.9,414048.9,713107.2,,,,,,
3,3,24,1110714,bndsnfsh,86,86,86,Hawkinson Brook/Turner Dr,West Warwick,414048.9,414048.9,713107.2,,,,,,
3,3,24,1110714,brktrt,159.5,159,160,Hawkinson Brook/Turner Dr,West Warwick,414048.9,414048.9,713107.2,,,,,,
3,3,24,1110714,chnpick,123.7,65,154,Hawkinson Brook/Turner Dr,West Warwick,414048.9,414048.9,713107.2,,,,,,
3,3,24,1110714,gldshnr,97,97,97,Hawkinson Brook/Turner Dr,West Warwick,414048.9,414048.9,713107.2,,,,,,
3,3,24,1110714,wtsuck,129,129,129,Hawkinson Brook/Turner Dr,West Warwick,414048.9,414048.9,713107.2,,,,,,
3,3,25,1111017,blgl,151.2,60,218,Upper Dam Pond,Coventry,414220.1,414220.1,713314.7,,,,,,
3,3,25,1111017,blkcrp,177,81,286,Upper Dam Pond,Coventry,414220.1,414220.1,713314.7,,,,,,
3,3,25,1111017,brbull,328.7,296,354,Upper Dam Pond,Coventry,414220.1,414220.1,713314.7,,,,,,
3,3,25,1111017,chnpick,258.7,112,351,Upper Dam Pond,Coventry,414220.1,414220.1,713314.7,,,,,,
3,3,25,1111017,gldshnr,227.5,208,256,Upper Dam Pond,Coventry,414220.1,414220.1,713314.7,,,,,,
3,3,25,1111017,lmb,225.8,34,518,Upper Dam Pond,Coventry,414220.1,414220.1,713314.7,,,,,,
3,3,25,1111017,pmpknsd,168.8,112,212,Upper Dam Pond,Coventry,414220.1,414220.1,713314.7,,,,,,
3,3,25,1111017,sunfish,0,0,0,Upper Dam Pond,Coventry,414220.1,414220.1,713314.7,,,,,,
3,3,25,1111017,yperch,174.1,84,275,Upper Dam Pond,Coventry,414220.1,414220.1,713314.7,,,,,,
3,3,26,1111109,brbull,91,67,115,Quidnick Brook/Maxwell Mays Wildlife Refuge/Victory Hwy,Coventry,,41.67008,-71.68631,,,,,,
3,3,26,1111109,brktrt,194,194,194,Quidnick Brook/Maxwell Mays Wildlife Refuge/Victory Hwy,Coventry,,41.67008,-71.68631,,,,,,
3,3,26,1111109,chnpick,92,92,92,Quidnick Brook/Maxwell Mays Wildlife Refuge/Victory Hwy,Coventry,,41.67008,-71.68631,,,,,,
3,3,26,1111109,fllfsh,132.6,122,139,Quidnick Brook/Maxwell Mays Wildlife Refuge/Victory Hwy,Coventry,,41.67008,-71.68631,,,,,,
3,3,26,1111109,lmb,75,75,75,Quidnick Brook/Maxwell Mays Wildlife Refuge/Victory Hwy,Coventry,,41.67008,-71.68631,,,,,,
3,3,26,1111109,pmpknsd,62.2,37,89,Quidnick Brook/Maxwell Mays Wildlife Refuge/Victory Hwy,Coventry,,41.67008,-71.68631,,,,,,
3,3,26,1111109,yperch,116.3,88,139,Quidnick Brook/Maxwell Mays Wildlife Refuge/Victory Hwy,Coventry,,41.67008,-71.68631,,,,,,
3,3,26,1120621,brbull,86.7,78,93,Quidnick Brook/Maxwell Mays Wildlife Refuge/Victory Hwy,Coventry,,41.67008,-71.68631,,,,,,
3,3,26,1120621,chnpick,120,99,141,Quidnick Brook/Maxwell Mays Wildlife Refuge/Victory Hwy,Coventry,,41.67008,-71.68631,,,,,,
3,3,26,1120621,pmpknsd,59.3,42,92,Quidnick Brook/Maxwell Mays Wildlife Refuge/Victory Hwy,Coventry,,41.67008,-71.68631,,,,,,
3,3,26,1120621,yperch,130,115,145,Quidnick Brook/Maxwell Mays Wildlife Refuge/Victory Hwy,Coventry,,41.67008,-71.68631,,,,,,
3,3,27,1111109,lmb,73,73,73,Carr Pond,Coventry,,41.67008,-71.68631,,,,,,
3,3,27,1111109,pmpknsd,86,67,98,Carr Pond,Coventry,,41.67008,-71.68631,,,,,,
